material_id,formula,volume,density,crystal_system,nsites,elements,chemsys,band_gap,formation_energy_per_atom,avg_coordination,avg_bond_length,electronegativity_diff,radii_ratio,avg_atomic_mass,packing_efficiency,symmetry_deviation
mp-850099,CuS2,52.54267318712817,4.035024733365863,Tetragonal,3,"Cu, S",Cu-S,0.0,0.351984672951388,2.6666666666666665,2.2702590021630455,0.6800000000000002,1.35,47.805499999999995,0.08440503149984549,1
mp-1096941,CuS,60.4795241933915,2.625116563235804,Trigonal,2,"Cu, S",Cu-S,0.0,0.015914866093751,3.0,2.1489352991493393,0.6800000000000002,1.35,47.805499999999995,0.05491243817627269,1
mp-504,CuS,200.7320549599949,4.745603806875806,Hexagonal,12,"Cu, S",Cu-S,0.0,-0.27717430807291704,4.0,2.250220766413317,0.6800000000000002,1.35,47.805499999999995,0.09926899220541165,0
mp-558139,CuS,59.817975954839724,5.308297319071935,Hexagonal,4,"Cu, S",Cu-S,0.0,0.008778086093752,6.0,2.472356243241803,0.6800000000000002,1.35,47.805499999999995,0.11103946866096862,0
mp-1068,CuS2,193.02156187341402,4.39351922778992,Cubic,12,"Cu, S",Cu-S,0.0,-0.175410109374999,4.666666666666667,2.3880230048371116,0.6800000000000002,1.35,47.805499999999995,0.09190405346225686,0
mp-760381,CuS,34.34822657643533,4.622241568815497,Cubic,2,"Cu, S",Cu-S,0.0,-0.267360408906249,4.0,2.23437162318975,0.6800000000000002,1.35,47.805499999999995,0.09668848916579677,0
mp-1023128,CuS,29.05010314254594,5.46524051627785,Cubic,2,"Cu, S",Cu-S,0.0,-0.152398518906249,6.0,2.4399030000000006,0.6800000000000002,1.35,47.805499999999995,0.11432242140083988,0
mp-684604,CuS2,59.955980153637455,3.536110748651634,Monoclinic,3,"Cu, S",Cu-S,0.0,-0.085144177048611,3.3333333333333335,2.1966319027994463,0.6800000000000002,1.35,47.805499999999995,0.07396870127185437,1
mp-849086,CuS2,97.89872550147206,4.331230764879235,Orthorhombic,6,"Cu, S",Cu-S,0.0,-0.17964995520833402,4.666666666666667,2.379587692619116,0.6800000000000002,1.35,47.805499999999995,0.09060109746533841,1
mp-1147712,CuS2,221.5668998563784,3.827484809412397,Orthorhombic,12,"Cu, S",Cu-S,0.0,-0.14513918288194402,2.6666666666666665,2.3272446511565303,0.6800000000000002,1.35,47.805499999999995,0.08006369161314907,1
mp-555599,CuS,200.35197715119716,4.754606456722273,Orthorhombic,12,"Cu, S",Cu-S,0.0,-0.277304490572916,4.0,2.2466084693393014,0.6800000000000002,1.35,47.805499999999995,0.09945731049193657,1
mp-674831,Cu2S,299.18514114414893,5.300124502416815,Triclinic,18,"Cu, S",Cu-S,0.0,-0.10080877857638701,3.0,2.2712338646015744,0.6800000000000002,1.35,47.805499999999995,0.11086850890413898,1
mp-1225993,Cu2S,151.93759268382877,3.478881184761393,Monoclinic,6,"Cu, S",Cu-S,1.2158,-0.149836503020832,2.6666666666666665,2.1634329794036433,0.6800000000000002,1.35,47.805499999999995,0.07277156780624391,1
mp-2014814,Cu2S,119.23849208518529,4.432904368398873,Monoclinic,6,"Cu, S",Cu-S,0.9229,-0.13920874093750002,2.6666666666666665,2.1889140088139367,0.6800000000000002,1.35,47.805499999999995,0.09272791558291145,1
mp-1394093,Cu2S,84.7657540427957,6.235688438267789,Tetragonal,6,"Cu, S",Cu-S,0.0,-0.08407624802083301,2.6666666666666665,2.277884286451947,0.6800000000000002,1.35,47.805499999999995,0.13043872437832027,1
mp-581212,Cu2S,2160.5959945277928,5.87141141186352,Monoclinic,144,"Cu, S",Cu-S,0.27789999999999904,-0.19911569913194102,3.9166666666666665,2.3121221252299895,0.6800000000000002,1.35,47.805499999999995,0.1228187428614599,1
mp-2831205,Cu2S,93.40556019080854,5.658901154984195,Tetragonal,6,"Cu, S",Cu-S,0.0,-0.116252016354165,2.6666666666666665,2.2593556797899828,0.6800000000000002,1.35,47.805499999999995,0.11837343307745335,1
mp-1225835,Cu2S,97.13586027431336,5.441582860881794,Monoclinic,6,"Cu, S",Cu-S,0.0,-0.15485830427083302,3.3333333333333335,2.2154617936107175,0.6800000000000002,1.35,47.805499999999995,0.11382754831309774,1
mp-553942,Cu2S,83.88161311073563,6.301414730161676,Hexagonal,6,"Cu, S",Cu-S,0.0,0.026702616979167003,8.0,2.510476499055717,0.6800000000000002,1.35,47.805499999999995,0.13181359320918465,0
mp-12087,Cu2S,42.80679427061594,6.173936187608224,Cubic,3,"Cu, S",Cu-S,0.0,-0.117489439687498,5.333333333333333,2.4045004810486104,0.6800000000000002,1.35,47.805499999999995,0.12914698492031723,0
mp-1225811,Cu2S,45.756707050710325,5.775905506704364,Orthorhombic,3,"Cu, S",Cu-S,0.160499999999999,-0.155929389687499,4.0,2.2223825918456677,0.6800000000000002,1.35,47.805499999999995,0.1208209412453455,1
mp-618991,Cu2S,174.49741373094642,6.058231135284408,Tetragonal,12,"Cu, S",Cu-S,0.1303,-0.19227918343750003,4.0,2.297060377778792,0.6800000000000002,1.35,47.805499999999995,0.126726655620889,1
mp-1225731,Cu3S2,71.55261410879497,5.912463467460496,Tetragonal,5,"Cu, S",Cu-S,0.0,-0.152028229458332,5.6,2.432175287379026,0.6800000000000002,1.35,47.805499999999995,0.12367747366852133,1
mp-624299,Cu7S4,665.4827778457887,5.7199078987181835,Orthorhombic,44,"Cu, S",Cu-S,0.0,-0.23100398988636303,4.181818181818182,2.3138499145974563,0.6800000000000002,1.35,47.805499999999995,0.11964957795061623,1
mp-685108,Cu9S5,199.1363793041762,6.105923336744216,Triclinic,14,"Cu, S",Cu-S,0.0,-0.12350686680803401,5.142857142857143,2.480461172689097,0.6800000000000002,1.35,47.805499999999995,0.12772428563123944,1
mp-685056,Cu9S16,525.6389500164605,3.427463855955725,Trigonal,25,"Cu, S",Cu-S,0.0,0.377305244254167,3.04,2.2369136340547446,0.6800000000000002,1.35,47.805499999999995,0.07169601522744716,1
mp-542333,Cu9S5,208.87335682228067,5.821285606199512,Trigonal,14,"Cu, S",Cu-S,0.0,-0.154668204665177,5.142857142857143,2.4162804213054963,0.6800000000000002,1.35,47.805499999999995,0.12177020648669114,1
mp-684710,Cu9S5,415.3199490912191,5.8553000800886625,Triclinic,28,"Cu, S",Cu-S,0.0,-0.17720916752232002,5.142857142857143,2.3827475380749434,0.6800000000000002,1.35,47.805499999999995,0.12248172448962281,1
mp-684964,Cu11S20,653.167532014538,3.407441988633388,Trigonal,31,"Cu, S",Cu-S,0.0,0.08423372529233901,3.5806451612903225,2.281095230783319,0.6800000000000002,1.35,47.805499999999995,0.07127719590075177,1
mp-675278,Cu11S16,488.98139810543796,4.116004701435043,Monoclinic,27,"Cu, S",Cu-S,0.0,0.011313235829475,3.5555555555555554,2.2697974515658728,0.6800000000000002,1.35,47.805499999999995,0.08609897818106793,1
mp-684898,Cu18S11,450.9666061676641,5.510536883129754,Triclinic,29,"Cu, S",Cu-S,0.0,-0.15836871508979702,4.586206896551724,2.3500127170155167,0.6800000000000002,1.35,47.805499999999995,0.11526993511478292,1
mp-685126,Cu39S20,856.6182936614005,6.047276537592325,Monoclinic,59,"Cu, S",Cu-S,0.0,-0.057777451546608,6.237288135593221,2.526400977037824,0.6800000000000002,1.35,47.805499999999995,0.12649750630350745,1
mp-580226,CuSe,77.48253878313065,6.108131817601714,Tetragonal,4,"Cu, Se",Cu-Se,0.0,-0.131382814531249,4.0,2.4147932130578296,0.6499999999999999,1.173913043478261,71.253,0.08572455640607012,1
mp-1097707,Cu2Se,2456.9320434532096,6.684578452144643,Monoclinic,144,"Cu, Se",Cu-Se,0.051899999999999,-0.07560757614583201,4.0,2.439101852090915,0.6499999999999999,1.173913043478261,71.253,0.09381469484996621,1
mp-488,CuSe,244.8058110685361,5.799783408539689,Hexagonal,12,"Cu, Se",Cu-Se,0.0,-0.18448107953125,4.0,2.405330361287699,0.6499999999999999,1.173913043478261,71.253,0.08139704164792624,0
mp-568998,CuSe,233.79914486770332,6.072822388434362,Hexagonal,12,"Cu, Se",Cu-Se,0.0,0.032557020468748005,3.0,2.385174389579406,0.6499999999999999,1.173913043478261,71.253,0.08522900633565411,0
mp-582060,CuSe,236.63423555440903,6.000064521614582,Hexagonal,12,"Cu, Se",Cu-Se,0.0,0.041482525468749004,3.0,2.3858864652955463,0.6499999999999999,1.173913043478261,71.253,0.08420788628709783,0
mp-22297,Cu2Se,48.38873202034142,7.071013879992322,Cubic,3,"Cu, Se",Cu-Se,0.0,-0.008857885520832,9.333333333333334,2.670842122558055,0.6499999999999999,1.173913043478261,71.253,0.09923812162284146,0
mp-16366,Cu2Se,48.82893185666389,7.007267673916308,Cubic,3,"Cu, Se",Cu-Se,0.0,-0.025158175520833003,5.333333333333333,2.5123474906072905,0.6499999999999999,1.173913043478261,71.253,0.09834347569809423,0
mp-684653,Cu2Se,101.32056811538241,6.7539573082815565,Orthorhombic,6,"Cu, Se",Cu-Se,0.0,-0.026545130520832003,4.666666666666667,2.4666513997036685,0.6499999999999999,1.173913043478261,71.253,0.09478839218392988,1
mp-1225805,Cu2Se,51.80348571215339,6.604910674394852,Orthorhombic,3,"Cu, Se",Cu-Se,0.0,-0.040014105520834,4.0,2.3818710286124265,0.6499999999999999,1.173913043478261,71.253,0.09269659767862198,1
mp-571486,CuSe,234.94426390177057,6.043223434231278,Orthorhombic,12,"Cu, Se",Cu-Se,0.0,-0.18522606703124903,4.0,2.37786484666815,0.6499999999999999,1.173913043478261,71.253,0.08481359990781129,1
mp-684525,Cu2Se,205.14541762273566,6.671509404714928,Monoclinic,12,"Cu, Se",Cu-Se,0.0,-0.033469192187501,6.333333333333333,2.5300871498785087,0.6499999999999999,1.173913043478261,71.253,0.09363127734572478,1
mp-1021499,Cu2Se,206.39492829276526,6.631120223375309,Tetragonal,12,"Cu, Se",Cu-Se,0.0,-0.046550767187499,4.0,2.4170547462435383,0.6499999999999999,1.173913043478261,71.253,0.09306443550973725,1
mp-20683,Cu3Se2,172.7420110289248,6.701255502681932,Tetragonal,10,"Cu, Se",Cu-Se,0.0,-0.189889615625,4.8,2.4559549798792824,0.6499999999999999,1.173913043478261,71.253,0.09404874886225047,1
mp-2280,CuSe2,230.83372747961258,6.372603326888022,Cubic,12,"Cu, Se",Cu-Se,0.0,-0.127358577708333,4.666666666666667,2.5413812949708854,0.6499999999999999,1.173913043478261,71.253,0.08943628095501975,0
mp-2000,CuSe2,117.14053904044698,6.278833065582114,Orthorhombic,6,"Cu, Se",Cu-Se,0.0,-0.13386065937500002,4.666666666666667,2.5280039373726426,0.6499999999999999,1.173913043478261,71.253,0.08812026252343219,1
mp-1225796,Cu4Se3,118.87121006798851,6.8597851046899905,Trigonal,7,"Cu, Se",Cu-Se,0.0,-0.08696829340773601,6.571428571428571,2.5766486554437633,0.6499999999999999,1.173913043478261,71.253,0.09627363205324675,1
mp-685107,Cu9Se5,245.94277306411823,6.526991394094158,Triclinic,14,"Cu, Se",Cu-Se,0.0,-0.074907410200893,4.571428571428571,2.479902941899366,0.6499999999999999,1.173913043478261,71.253,0.09160303978911986,1
mp-673655,Cu9Se5,472.7466066777017,6.791233783825142,Triclinic,28,"Cu, Se",Cu-Se,0.0,-0.088991285915178,5.142857142857143,2.4892215209935333,0.6499999999999999,1.173913043478261,71.253,0.09531154876040505,1
mp-1173070,Cu9Se5,249.31885361172357,6.438607991231629,Monoclinic,14,"Cu, Se",Cu-Se,0.0,-0.07753550377232,5.0,2.4975370582207312,0.6499999999999999,1.173913043478261,71.253,0.0903626232050809,1
mp-673255,Cu9Se8,329.35176318793947,6.068329004769535,Triclinic,17,"Cu, Se",Cu-Se,0.0,-0.17552827632353202,4.235294117647059,2.3735341941133266,0.6499999999999999,1.173913043478261,71.253,0.08516594395701985,1
mp-936248,Cu9Se8,343.9886154552156,5.8101191944405,Triclinic,17,"Cu, Se",Cu-Se,0.0,-0.028287302205883002,4.235294117647059,2.278312566192474,0.6499999999999999,1.173913043478261,71.253,0.08154209920200553,1
mp-32857,Cu13Se8,375.2905423662246,6.450195371744258,Cubic,21,"Cu, Se",Cu-Se,0.0,-0.104366369642859,4.9523809523809526,2.482884241664228,0.6499999999999999,1.173913043478261,71.253,0.09052524625972602,0
mp-684605,Cu17Se10,475.6864729293306,6.527434113926192,Monoclinic,27,"Cu, Se",Cu-Se,0.0,-0.07142315354166401,5.592592592592593,2.5304735246187655,0.6499999999999999,1.173913043478261,71.253,0.0916092531391828,1
mp-684970,Cu19Se11,522.0660589226177,6.6029374018243825,Triclinic,30,"Cu, Se",Cu-Se,0.0,-0.060742821072915,5.8,2.532329810348544,0.6499999999999999,1.173913043478261,71.253,0.09266890379105978,1
mp-685189,Cu29Se19,884.1777288779734,6.278494468051536,Trigonal,48,"Cu, Se",Cu-Se,0.0,-0.092854481347655,4.833333333333333,2.4759890493507934,0.6499999999999999,1.173913043478261,71.253,0.08811551047747515,1
mp-684606,Cu27Se20,909.8304848526615,6.01362561957591,Trigonal,47,"Cu, Se",Cu-Se,0.0,-0.133801923111701,4.595744680851064,2.4592448149364974,0.6499999999999999,1.173913043478261,71.253,0.08439820947294724,1
mp-684923,Cu25Se26,3122.0703242216696,5.810601660770162,Monoclinic,153,"Cu, Se",Cu-Se,0.0,-0.18084744710375703,3.9607843137254903,2.395367381787378,0.6499999999999999,1.173913043478261,71.253,0.08154887037416196,1
mp-1978391,CuTe,41.475826609632946,7.65278058016099,Tetragonal,2,"Cu, Te",Cu-Te,0.0,0.026828514999998002,6.0,2.6411550000000004,0.20000000000000018,1.037037037037037,95.573,0.08007262072092527,1
mp-1861,Cu2Te,136.73976795623284,6.185852473961427,Hexagonal,6,"Cu, Te",Cu-Te,0.0,0.08165582833333401,6.666666666666667,2.60583397626988,0.20000000000000018,1.037037037037037,95.573,0.06472384955961859,0
mp-1183984,Cu3Te,61.473763563398585,8.596295408717864,Cubic,4,"Cu, Te",Cu-Te,0.0,0.137867280000001,12.0,2.7907114632512595,0.20000000000000018,1.037037037037037,95.573,0.08994481086413386,0
mp-1181516,CuTe,367.2018289079767,1.728778973504881,Orthorhombic,4,"Cu, Te",Cu-Te,0.0,0.72635044,2.0,2.411807796092289,0.20000000000000018,1.037037037037037,95.573,0.018088570762714168,1
mp-1238498,CuTe,82.95163681214551,7.652782093815177,Orthorhombic,4,"Cu, Te",Cu-Te,0.0,0.028214004999998002,6.0,2.7403480488233813,0.20000000000000018,1.037037037037037,95.573,0.08007263655860104,1
mp-20826,CuTe,94.67133081146629,6.705417526165807,Orthorhombic,4,"Cu, Te",Cu-Te,0.0,-0.0842046275,6.0,2.6430672232395156,0.20000000000000018,1.037037037037037,95.573,0.0701601658016993,1
mp-623012,CuTe,82.18235577791044,7.72441717981606,Orthorhombic,4,"Cu, Te",Cu-Te,0.0,0.017019144999999,6.0,2.728510597822268,0.20000000000000018,1.037037037037037,95.573,0.08082216922997144,1
mp-1207193,CuTe2,70.78099504329904,7.477857368333115,Trigonal,3,"Cu, Te",Cu-Te,0.0,0.003043896666665,4.0,2.697771764436842,0.20000000000000018,1.037037037037037,95.573,0.07824236309766477,1
mp-1103235,CuTe2,292.52689775735826,7.237490834248176,Cubic,12,"Cu, Te",Cu-Te,0.0,-0.0033016250000010004,4.666666666666667,2.762619449888523,0.20000000000000018,1.037037037037037,95.573,0.07572735850342854,0
mp-1225676,Cu3Te2,97.75160693459394,7.573598425549872,Tetragonal,5,"Cu, Te",Cu-Te,0.0,-0.046105823999999004,8.4,2.7235558259515367,0.20000000000000018,1.037037037037037,95.573,0.07924412151496629,1
mp-624307,Cu7Te4,407.45295611017156,7.785848277644575,Trigonal,22,"Cu, Te",Cu-Te,0.0,0.084661953636361,9.0,2.7982937839621678,0.20000000000000018,1.037037037037037,95.573,0.08146493546968889,1
mp-1244890,ZnS,2502.916739121837,3.2334152880082963,Triclinic,100,"S, Zn",S-Zn,0.8751000000000001,-0.5132987818633921,3.18,2.370967558119446,0.9300000000000002,1.35,48.737,0.06634415922211659,1
mp-1244921,ZnS,2396.181021036189,3.377444849883982,Triclinic,100,"S, Zn",S-Zn,1.0343,-0.5211396588633921,3.28,2.37655052498229,0.9300000000000002,1.35,48.737,0.06929939983757682,1
mp-1244922,ZnS,2393.493708555356,3.381236900669817,Triclinic,100,"S, Zn",S-Zn,0.675199999999999,-0.545126070463392,3.33,2.377513289806307,0.9300000000000002,1.35,48.737,0.06937720624309697,1
mp-1244936,ZnS,2358.769478276966,3.431013214059465,Triclinic,100,"S, Zn",S-Zn,1.2384,-0.5192043799633911,3.11,2.3729241015278513,0.9300000000000002,1.35,48.737,0.07039853117876489,1
mp-1244969,ZnS,2327.1608270789975,3.477614935211221,Triclinic,100,"S, Zn",S-Zn,0.220399999999999,-0.534331314863392,3.3,2.3801104266131943,0.9300000000000002,1.35,48.737,0.0713547189037327,1
mp-1244974,ZnS,2278.4554984992583,3.551954055814996,Triclinic,100,"S, Zn",S-Zn,0.915999999999999,-0.49657768886339204,3.17,2.375344763731012,0.9300000000000002,1.35,48.737,0.07288003069156895,1
mp-1244979,ZnS,2365.20921388297,3.421671622698515,Triclinic,100,"S, Zn",S-Zn,0.891999999999999,-0.48028242806339205,3.16,2.3760748400214937,0.9300000000000002,1.35,48.737,0.07020685767894033,1
mp-1244980,ZnS,2425.069893267038,3.337210721784858,Triclinic,100,"S, Zn",S-Zn,1.3911,-0.617690840263392,3.3,2.3638783415437614,0.9300000000000002,1.35,48.737,0.0684738642465654,1
mp-1244986,ZnS,2484.8090732186774,3.256978307152291,Triclinic,100,"S, Zn",S-Zn,1.4153,-0.536222049163392,3.27,2.379442301226793,0.9300000000000002,1.35,48.737,0.06682763213066645,1
mp-1244989,ZnS,2298.268419005961,3.521333357741026,Triclinic,100,"S, Zn",S-Zn,0.9623,-0.5587857839633921,3.26,2.3781034045068425,0.9300000000000002,1.35,48.737,0.07225174626548671,1
mp-1245004,ZnS,2338.3135716626093,3.461028215789759,Triclinic,100,"S, Zn",S-Zn,0.8022,-0.511976676963391,3.21,2.3882052244215406,0.9300000000000002,1.35,48.737,0.07101438775036951,1
mp-1245034,ZnS,2478.0106348494173,3.265913848420675,Triclinic,100,"S, Zn",S-Zn,1.253099999999999,-0.5393336918633911,3.16,2.36360345795461,0.9300000000000002,1.35,48.737,0.06701097417610183,1
mp-1245035,ZnS,2421.5644553210377,3.342041642172807,Triclinic,100,"S, Zn",S-Zn,1.3048,-0.5252168988633921,3.23,2.3825127223609246,0.9300000000000002,1.35,48.737,0.06857298648199124,1
mp-1245050,ZnS,2322.1462980700703,3.4851246261333593,Triclinic,100,"S, Zn",S-Zn,0.8705,-0.477337978063392,3.16,2.378287798348876,0.9300000000000002,1.35,48.737,0.07150880493533371,1
mp-1245054,ZnS,2438.8863681258176,3.318305171842643,Triclinic,100,"S, Zn",S-Zn,0.909999999999999,-0.48602735536339203,3.07,2.3696623281234643,0.9300000000000002,1.35,48.737,0.06808595465134586,1
mp-1245062,ZnS,2372.096933462147,3.411736314281427,Triclinic,100,"S, Zn",S-Zn,0.712,-0.504452273463391,3.21,2.377723605578116,0.9300000000000002,1.35,48.737,0.07000300211915848,1
mp-1245068,ZnS,2307.4525405286226,3.507317748357403,Triclinic,100,"S, Zn",S-Zn,0.8362,-0.488017730363392,3.12,2.3709353948580776,0.9300000000000002,1.35,48.737,0.07196416989879154,1
mp-1245070,ZnS,2434.980536780617,3.323627900364432,Triclinic,100,"S, Zn",S-Zn,1.3785,-0.5573290808633921,3.19,2.3653262385281812,0.9300000000000002,1.35,48.737,0.06819516794969802,1
mp-1245082,ZnS,2408.0838528463414,3.360750598166495,Triclinic,100,"S, Zn",S-Zn,0.8844000000000001,-0.48887023696339105,3.19,2.3778465044281862,0.9300000000000002,1.35,48.737,0.0689568623051582,1
mp-1245117,ZnS,2382.666807148384,3.396601331167333,Triclinic,100,"S, Zn",S-Zn,0.338699999999999,-0.549747351363391,3.28,2.369337122415725,0.9300000000000002,1.35,48.737,0.06969245811534015,1
mp-1245121,ZnS,2400.8987700036114,3.37080819483124,Triclinic,100,"S, Zn",S-Zn,1.003799999999999,-0.552681039863391,3.17,2.36417894554194,0.9300000000000002,1.35,48.737,0.06916322701092065,1
mp-1245122,ZnS,2350.569076453085,3.442982948240086,Triclinic,100,"S, Zn",S-Zn,1.2726,-0.5625278723633911,3.3,2.3725561980889833,0.9300000000000002,1.35,48.737,0.07064412968053196,1
mp-1245136,ZnS,2378.6682585429953,3.402311028375854,Triclinic,100,"S, Zn",S-Zn,1.0427,-0.5182288950633911,3.25,2.376647975169571,0.9300000000000002,1.35,48.737,0.06980961135022373,1
mp-1245169,ZnS,2376.0502759796927,3.406059766791562,Triclinic,100,"S, Zn",S-Zn,0.907,-0.5106130324633921,3.22,2.384827593661941,0.9300000000000002,1.35,48.737,0.0698865290598839,1
mp-1245194,ZnS,2527.0330421917224,3.202557748065416,Triclinic,100,"S, Zn",S-Zn,1.2368000000000001,-0.562447296763391,3.18,2.3549182521729937,0.9300000000000002,1.35,48.737,0.06571101520539664,1
mp-1245197,ZnS,2425.529327505108,3.336578600438042,Triclinic,100,"S, Zn",S-Zn,0.860399999999999,-0.507225864763391,3.15,2.371671476001587,0.9300000000000002,1.35,48.737,0.06846089419615574,1
mp-1245199,ZnS,2378.481400509168,3.402578320417362,Triclinic,100,"S, Zn",S-Zn,1.253099999999999,-0.545662389063392,3.23,2.3706605001280847,0.9300000000000002,1.35,48.737,0.069815095726396,1
mp-1245201,ZnS,2358.1995722803117,3.4318423868861743,Triclinic,100,"S, Zn",S-Zn,0.8690999999999991,-0.514308150963391,3.31,2.378685697484816,0.9300000000000002,1.35,48.737,0.07041554438898935,1
mp-1245213,ZnS,2357.5104403792257,3.432845560415247,Triclinic,100,"S, Zn",S-Zn,0.8460999999999991,-0.549087007263392,3.25,2.3750143978123384,0.9300000000000002,1.35,48.737,0.0704361277964431,1
mp-1245216,ZnS,2286.8000931097704,3.538992880607663,Triclinic,100,"S, Zn",S-Zn,0.8600999999999991,-0.49473327896339203,3.22,2.3785577949518166,0.9300000000000002,1.35,48.737,0.07261408951325816,1
mp-1245220,ZnS,2397.8298400440794,3.375122418503077,Triclinic,100,"S, Zn",S-Zn,1.024,-0.5242152644633911,3.34,2.3948182732964813,0.9300000000000002,1.35,48.737,0.06925174751222021,1
mp-1245222,ZnS,2418.422053664449,3.346384158474641,Triclinic,100,"S, Zn",S-Zn,0.4752,-0.502049065563392,3.15,2.3683848597842783,0.9300000000000002,1.35,48.737,0.06866208749973615,1
mp-1245236,ZnS,2393.058730277403,3.381851496787245,Triclinic,100,"S, Zn",S-Zn,0.834399999999999,-0.533109064963391,3.16,2.362628458891637,0.9300000000000002,1.35,48.737,0.06938981670573167,1
mp-1245238,ZnS,2419.848123798667,3.344412060118927,Triclinic,100,"S, Zn",S-Zn,1.289399999999999,-0.502117678963392,3.21,2.372720165529447,0.9300000000000002,1.35,48.737,0.06862162340970775,1
mp-1245246,ZnS,2326.7999649713634,3.478154276570149,Triclinic,100,"S, Zn",S-Zn,0.8743000000000001,-0.5405927428633911,3.38,2.3885533395996106,0.9300000000000002,1.35,48.737,0.0713657852672538,1
mp-1245248,ZnS,2398.296071298702,3.374466291188975,Triclinic,100,"S, Zn",S-Zn,0.7802,-0.508109612463392,3.16,2.366474032965777,0.9300000000000002,1.35,48.737,0.06923828490036266,1
mp-1245280,ZnS,2342.7832214693335,3.454425136190244,Triclinic,100,"S, Zn",S-Zn,1.189599999999999,-0.525652903463392,3.31,2.3876387402921675,0.9300000000000002,1.35,48.737,0.0708789038346686,1
mp-1245296,ZnS,2361.327679035657,3.427296143919131,Triclinic,100,"S, Zn",S-Zn,0.8374,-0.48808263816339104,3.33,2.4061535711863242,0.9300000000000002,1.35,48.737,0.0703222632480278,1
mp-1245300,ZnS,2435.751286996472,3.3225761973702452,Triclinic,100,"S, Zn",S-Zn,1.1409,-0.5595285058633921,3.28,2.369792658708152,0.9300000000000002,1.35,48.737,0.06817358880050567,1
mp-1245310,ZnS,2431.095717979061,3.328938959102771,Triclinic,100,"S, Zn",S-Zn,0.5837999999999991,-0.5164420650633921,3.14,2.367166632215839,0.9300000000000002,1.35,48.737,0.0683041418040251,1
mp-1245316,ZnS,2428.825233332597,3.332050877034095,Triclinic,100,"S, Zn",S-Zn,0.6422000000000001,-0.490130888363391,2.98,2.3545247896285515,0.9300000000000002,1.35,48.737,0.06836799304499856,1
mp-1245317,ZnS,2407.2709811777554,3.361885434654698,Triclinic,100,"S, Zn",S-Zn,1.152499999999999,-0.5434274861633921,3.22,2.362656827096215,0.9300000000000002,1.35,48.737,0.0689801472116605,1
mp-1245319,ZnS,2366.3626003790646,3.4200038690571,Triclinic,100,"S, Zn",S-Zn,1.409299999999999,-0.526491948663392,3.28,2.377604655191918,0.9300000000000002,1.35,48.737,0.07017263822264604,1
mp-553880,ZnS,1017.3360865803754,4.136631015977919,Trigonal,52,"S, Zn",S-Zn,2.0298,-0.961803102944711,4.0,2.333553447836796,0.9300000000000002,1.35,48.737,0.08487660331940658,1
mp-553916,ZnS,938.2087131860818,4.140470222531364,Trigonal,48,"S, Zn",S-Zn,2.0251,-0.961964429531249,4.0,2.3328301321967575,0.9300000000000002,1.35,48.737,0.08495537728073874,1
mp-554004,ZnS,1096.4154453279523,4.133526938798199,Trigonal,56,"S, Zn",S-Zn,2.0279,-0.9612047906919651,4.0,2.3341387254348795,0.9300000000000002,1.35,48.737,0.08481291295726448,1
mp-554115,ZnS,939.6311802203596,4.134202143606421,Trigonal,48,"S, Zn",S-Zn,2.0169,-0.9618576197395831,4.0,2.333983069505451,0.9300000000000002,1.35,48.737,0.08482676700671812,1
mp-554253,ZnS,1017.7059296272139,4.135127728855325,Trigonal,52,"S, Zn",S-Zn,1.9769,-0.961498548329326,4.0,2.333801126474843,0.9300000000000002,1.35,48.737,0.08484575843517912,1
mp-554503,ZnS,1096.325724752779,4.133865216379459,Trigonal,56,"S, Zn",S-Zn,2.0191,-0.9617047133705371,4.0,2.3340730389128574,0.9300000000000002,1.35,48.737,0.08481985383547323,1
mp-554608,ZnS,1017.4905302384507,4.136003121754603,Trigonal,52,"S, Zn",S-Zn,2.015,-0.9620088262139421,4.0,2.333670733756369,0.9300000000000002,1.35,48.737,0.08486372000235146,1
mp-554630,ZnS,940.2307651818815,4.131565763767565,Trigonal,48,"S, Zn",S-Zn,1.9824000000000002,-0.961452033072916,4.0,2.3345081058975925,0.9300000000000002,1.35,48.737,0.08477267299521031,1
mp-554681,ZnS,1094.925724940317,4.13915088132992,Trigonal,56,"S, Zn",S-Zn,2.0164,-0.9620172412276781,4.0,2.3330792946319305,0.9300000000000002,1.35,48.737,0.08492830665264418,1
mp-554713,ZnS,938.3285976671797,4.1399412200845,Trigonal,48,"S, Zn",S-Zn,2.034,-0.9615310759895831,4.0,2.332938070134682,0.9300000000000002,1.35,48.737,0.08494452305403492,1
mp-554820,ZnS,1094.3999128517012,4.141139565305906,Trigonal,56,"S, Zn",S-Zn,2.0195,-0.9622174221205351,4.0,2.332704373358614,0.9300000000000002,1.35,48.737,0.08496911105127328,1
mp-554829,ZnS,939.1168277839166,4.13646643797577,Trigonal,48,"S, Zn",S-Zn,2.0216,-0.961976457447916,4.0,2.3335841496199827,0.9300000000000002,1.35,48.737,0.08487322645989227,1
mp-554889,ZnS,939.3856136595164,4.135282873167822,Trigonal,48,"S, Zn",S-Zn,2.0385,-0.9615744622395831,4.0,2.333811698026492,0.9300000000000002,1.35,48.737,0.08484894173149397,1
mp-554961,ZnS,1095.545036428172,4.136811019794761,Trigonal,56,"S, Zn",S-Zn,2.018,-0.961708897834822,4.0,2.333518657685213,0.9300000000000002,1.35,48.737,0.084880296690292,1
mp-554986,ZnS,1376.7396969722602,3.997283655978585,Trigonal,68,"S, Zn",S-Zn,2.0291,-0.961220063822216,4.0,2.3603613434330577,0.9300000000000002,1.35,48.737,0.0820174334895169,1
mp-554999,ZnS,938.38491544128,4.139692758850113,Trigonal,48,"S, Zn",S-Zn,2.0197,-0.961746592447916,4.0,2.3329810852020283,0.9300000000000002,1.35,48.737,0.08493942505386283,1
mp-555079,ZnS,1095.5658133276033,4.136732567085231,Trigonal,56,"S, Zn",S-Zn,2.018799999999999,-0.96220205265625,4.0,2.3335333789826898,0.9300000000000002,1.35,48.737,0.08487868697468516,1
mp-555151,ZnS,1095.7084429965078,4.136194083695638,Trigonal,56,"S, Zn",S-Zn,2.0233,-0.9617112069419641,4.0,2.3336351349427438,0.9300000000000002,1.35,48.737,0.08486763821522944,1
mp-555214,ZnS,1014.2969910184012,4.149025430112542,Trigonal,52,"S, Zn",S-Zn,1.596,-0.9484992271754811,3.9615384615384617,2.3331363521382897,0.9300000000000002,1.35,48.737,0.08513091552850077,1
mp-555311,ZnS,1017.8018903608638,4.134737859378411,Trigonal,52,"S, Zn",S-Zn,2.0305,-0.9614913864062501,4.0,2.333909027975047,0.9300000000000002,1.35,48.737,0.08483775897938756,1
mp-555381,ZnS,938.102174696848,4.140940447901398,Trigonal,48,"S, Zn",S-Zn,2.0142,-0.961973424739583,4.0,2.332743201563743,0.9300000000000002,1.35,48.737,0.08496502550221388,1
mp-555543,ZnS,938.2251895833623,4.14039751074205,Trigonal,48,"S, Zn",S-Zn,2.025,-0.9616303891145831,4.0,2.3328454760552355,0.9300000000000002,1.35,48.737,0.08495388535900956,1
mp-555583,ZnS,939.2889252522513,4.135708550404982,Trigonal,48,"S, Zn",S-Zn,2.03,-0.9617700705729161,4.0,2.3337277010753703,0.9300000000000002,1.35,48.737,0.0848576759013682,1
mp-555594,ZnS,938.1990805271352,4.140512733484914,Trigonal,48,"S, Zn",S-Zn,2.0252,-0.9619742722395831,4.0,2.3328238287108998,0.9300000000000002,1.35,48.737,0.0849562495328993,1
mp-555628,ZnS,938.6258387491231,4.138630196504454,Trigonal,48,"S, Zn",S-Zn,2.036,-0.9615629436979171,4.0,2.333182307313747,0.9300000000000002,1.35,48.737,0.08491762308932543,1
mp-555664,ZnS,937.9759569096516,4.141497669370025,Trigonal,48,"S, Zn",S-Zn,2.0194,-0.9621872907812491,4.0,2.332637282360009,0.9300000000000002,1.35,48.737,0.08497645873504782,1
mp-555666,ZnS,1251.1950852149266,4.139642475017291,Trigonal,64,"S, Zn",S-Zn,1.858099999999999,-0.961936044375001,4.0,2.332990874401788,0.9300000000000002,1.35,48.737,0.08493839331549521,1
mp-555773,ZnS,703.8226389555459,4.139493060245037,Trigonal,36,"S, Zn",S-Zn,2.0281,-0.9618352122395841,4.0,2.3330153284335187,0.9300000000000002,1.35,48.737,0.08493532757956043,1
mp-555779,ZnS,625.5876647054982,4.139707839129861,Trigonal,32,"S, Zn",S-Zn,2.0195,-0.96204220890625,4.0,2.3329751377077983,0.9300000000000002,1.35,48.737,0.08493973447544702,1
mp-555782,ZnS,781.817768462268,4.140591107212218,Trigonal,40,"S, Zn",S-Zn,1.9917,-0.9618537634062501,4.0,2.3328114972865848,0.9300000000000002,1.35,48.737,0.08495785762792576,1
mp-556000,ZnS,860.871918989195,4.136395195341013,Trigonal,44,"S, Zn",S-Zn,2.0254,-0.9616068482244311,4.0,2.3335975153850677,0.9300000000000002,1.35,48.737,0.0848717646827054,1
mp-556005,ZnS,312.560765385015,4.142794692184443,Trigonal,16,"S, Zn",S-Zn,2.0389,-0.9610413801562511,4.0,2.3323975391380856,0.9300000000000002,1.35,48.737,0.08500307142795911,1
mp-556152,ZnS,703.9167460004576,4.138939648976525,Trigonal,36,"S, Zn",S-Zn,2.0263,-0.9615049577951401,4.0,2.3331201518527616,0.9300000000000002,1.35,48.737,0.08492397252552526,1
mp-556155,ZnS,781.8216806407379,4.140570387997359,Trigonal,40,"S, Zn",S-Zn,2.0223,-0.96186887865625,4.0,2.3328145232767734,0.9300000000000002,1.35,48.737,0.08495743250502409,1
mp-556161,ZnS,547.4391265878817,4.139330346759543,Trigonal,28,"S, Zn",S-Zn,1.4296,-0.9616529856919651,4.0,2.3330474223281903,0.9300000000000002,1.35,48.737,0.0849319889767434,1
mp-556207,ZnS,781.9956571680393,4.139649203780353,Trigonal,40,"S, Zn",S-Zn,2.0276,-0.9616266159062501,4.0,2.332990129847469,0.9300000000000002,1.35,48.737,0.08493853137822091,1
mp-556280,ZnS,781.8761387171566,4.140281995133783,Trigonal,40,"S, Zn",S-Zn,2.0238,-0.9618587154062511,4.0,2.3328540069810755,0.9300000000000002,1.35,48.737,0.08495151517602198,1
mp-556363,ZnS,703.7521789342534,4.139907508367396,Trigonal,36,"S, Zn",S-Zn,2.0282,-0.961806524461806,4.0,2.332937467393174,0.9300000000000002,1.35,48.737,0.08494383134717763,1
mp-556392,ZnS,547.9458089811175,4.135502731378398,Trigonal,28,"S, Zn",S-Zn,2.0369,-0.9613172499776781,4.0,2.333742837850175,0.9300000000000002,1.35,48.737,0.08485345284646978,1
mp-556395,ZnS,312.41883261585133,4.144676775661342,Trigonal,16,"S, Zn",S-Zn,1.9563000000000001,-0.9616492439062511,4.0,2.3320465974169275,0.9300000000000002,1.35,48.737,0.08504168856641446,1
mp-556448,ZnS,703.738605527868,4.139987357116019,Trigonal,36,"S, Zn",S-Zn,2.015799999999999,-0.9620950955729181,4.0,2.3329027517486605,0.9300000000000002,1.35,48.737,0.08494546970712229,1
mp-556485,ZnS,495.3875307001958,3.920794326389074,Trigonal,24,"S, Zn",S-Zn,0.0,-0.7516237509300601,3.6666666666666665,2.3551047913728484,0.9300000000000002,1.35,48.737,0.08044800308572694,1
mp-556543,ZnS,860.8162146556264,4.136662865877198,Trigonal,44,"S, Zn",S-Zn,2.0163,-0.9621005752698861,4.0,2.3335472211861163,0.9300000000000002,1.35,48.737,0.08487725682494199,1
mp-556716,ZnS,547.5421727421269,4.138551334485021,Trigonal,28,"S, Zn",S-Zn,1.213299999999999,-0.961243709977679,4.0,2.333191257815518,0.9300000000000002,1.35,48.737,0.08491600497537848,1
mp-556732,ZnS,781.7290596531898,4.141060971932565,Trigonal,40,"S, Zn",S-Zn,2.0239,-0.9618632891562491,4.0,2.3327229442951993,0.9300000000000002,1.35,48.737,0.0849674984494853,1
mp-556775,ZnS,625.7453896855881,4.138664387036938,Trigonal,32,"S, Zn",S-Zn,2.0399,-0.9614513723437501,4.0,2.333173437436609,0.9300000000000002,1.35,48.737,0.08491832462065654,1
mp-556784,ZnS,860.0179119636547,4.140502680206261,Trigonal,44,"S, Zn",S-Zn,1.992,-0.962145614588067,4.0,2.332824303591094,0.9300000000000002,1.35,48.737,0.08495604325679178,1
mp-556815,ZnS,547.5848904962562,4.138228481131274,Trigonal,28,"S, Zn",S-Zn,2.0421,-0.961254834977678,4.0,2.333251897760723,0.9300000000000002,1.35,48.737,0.0849093805759746,1
mp-556950,ZnS,625.5037031536903,4.140263513368803,Trigonal,32,"S, Zn",S-Zn,2.032299999999999,-0.961743312968751,4.0,2.332872932450419,0.9300000000000002,1.35,48.737,0.08495113596177037,1
mp-556989,ZnS,705.0317461793645,4.13239396011343,Trigonal,36,"S, Zn",S-Zn,2.0305,-0.9612408289062511,4.0,2.3343191229621088,0.9300000000000002,1.35,48.737,0.08478966616971562,1
mp-557009,ZnS,781.9485419329196,4.139898632655899,Trigonal,40,"S, Zn",S-Zn,2.0302,-0.96162488165625,4.0,2.3329407789892276,0.9300000000000002,1.35,48.737,0.08494364923273691,1
mp-557026,ZnS,703.7083016729217,4.140165637770164,Trigonal,36,"S, Zn",S-Zn,2.023,-0.9618144119618071,4.0,2.332893934185347,0.9300000000000002,1.35,48.737,0.08494912772165222,1
mp-557054,ZnS,548.3203329263071,4.132678023438001,Trigonal,28,"S, Zn",S-Zn,1.689499999999999,-0.9609587028348221,4.0,2.33429816579349,0.9300000000000002,1.35,48.737,0.08479549466397195,1
mp-557058,ZnS,494.0271897235915,3.9315905280839822,Trigonal,24,"S, Zn",S-Zn,0.0,-0.754447628846726,3.6666666666666665,2.355017279103645,0.9300000000000002,1.35,48.737,0.08066952270521333,1
mp-557062,ZnS,782.7085659514288,4.135878717029721,Trigonal,40,"S, Zn",S-Zn,2.0301,-0.96162693840625,4.0,2.333694337822652,0.9300000000000002,1.35,48.737,0.084861167429873,1
mp-557175,ZnS,703.6637143353962,4.14042797751988,Trigonal,36,"S, Zn",S-Zn,2.027199999999999,-0.961819713072917,4.0,2.332841801907537,0.9300000000000002,1.35,48.737,0.08495451048525514,1
mp-557308,ZnS,391.1102609000953,4.138459180418014,Trigonal,20,"S, Zn",S-Zn,2.0245,-0.9618619499062501,4.0,2.333209308429267,0.9300000000000002,1.35,48.737,0.08491411413131736,1
mp-557346,ZnS,703.7403436138152,4.139977132245565,Trigonal,36,"S, Zn",S-Zn,2.0258,-0.9618181483506951,4.0,2.332927129455106,0.9300000000000002,1.35,48.737,0.08494525991024406,1
mp-557418,ZnS,781.890449366201,4.140206217097838,Trigonal,40,"S, Zn",S-Zn,2.018199999999999,-0.9616347606562491,4.0,2.332882435931674,0.9300000000000002,1.35,48.737,0.08494996034014893,1
mp-581405,ZnS,1619.0128067700862,3.998964907527228,Trigonal,80,"S, Zn",S-Zn,1.8885,-0.961452653388393,4.0,2.360027819325569,0.9300000000000002,1.35,48.737,0.08205192989981386,1
mp-581425,ZnS,1456.5769499305761,4.000432561751981,Trigonal,72,"S, Zn",S-Zn,2.018399999999999,-0.9615482249578391,4.0,2.3597392858087143,0.9300000000000002,1.35,48.737,0.08208204365783657,1
mp-582680,ZnS,1456.1103543853246,4.001714459107337,Trigonal,72,"S, Zn",S-Zn,1.9845000000000002,-0.9613778745411701,4.0,2.3594874374869863,0.9300000000000002,1.35,48.737,0.08210834600216133,1
mp-647075,ZnS,2593.357952286581,3.994435334097854,Trigonal,128,"S, Zn",S-Zn,1.9988000000000001,-0.9613578984040191,4.0,2.360919599115384,0.9300000000000002,1.35,48.737,0.08195899078929467,1
mp-680085,ZnS,1780.6575298703926,3.999541079378795,Trigonal,88,"S, Zn",S-Zn,2.0155,-0.961755887217936,4.0,2.359914611057796,0.9300000000000002,1.35,48.737,0.08206375196213954,1
mp-680087,ZnS,1781.10753534158,3.99853057589585,Trigonal,88,"S, Zn",S-Zn,2.0198,-0.961634657331573,4.0,2.360113307311132,0.9300000000000002,1.35,48.737,0.08204301815655149,1
mp-1196782,ZnS,732.0562290845999,3.979843096537789,Trigonal,36,"S, Zn",S-Zn,1.986399999999999,-0.95030139593006,4.0,2.363838039323556,0.9300000000000002,1.35,48.737,0.08165958299726674,1
mp-1198139,ZnS,734.9763397125912,3.96403091117073,Trigonal,36,"S, Zn",S-Zn,1.9919,-0.9499906403745051,4.0,2.3669587030914534,0.9300000000000002,1.35,48.737,0.08133514395984016,1
mp-1199343,ZnS,732.3170933538738,3.9784254062085243,Trigonal,36,"S, Zn",S-Zn,2.0023,-0.9499820337078381,4.0,2.3641158877484836,0.9300000000000002,1.35,48.737,0.08163049441304397,1
mp-1200568,ZnS,735.7458667275099,3.959884875138361,Trigonal,36,"S, Zn",S-Zn,1.9998999999999991,-0.9495832545411721,4.0,2.367787512420385,0.9300000000000002,1.35,48.737,0.08125007438164764,1
mp-1200836,ZnS,735.0153974940927,3.963820267619967,Trigonal,36,"S, Zn",S-Zn,1.9881000000000002,-0.9499883873189501,4.0,2.3670006167833626,0.9300000000000002,1.35,48.737,0.08133082191394561,1
mp-1201158,ZnS,734.8368370891498,3.964783449262998,Trigonal,36,"S, Zn",S-Zn,2.0046,-0.949672490096727,4.0,2.366807793715846,0.9300000000000002,1.35,48.737,0.0813505847562016,1
mp-1201781,ZnS,732.0869671487895,3.979675995253303,Trigonal,36,"S, Zn",S-Zn,1.9874,-0.9503019075967271,4.0,2.363871038767267,0.9300000000000002,1.35,48.737,0.0816561543643085,1
mp-1202023,ZnS,732.3375063775716,3.978314512404247,Trigonal,36,"S, Zn",S-Zn,2.0011,-0.94997389481895,4.0,2.3641386332425744,0.9300000000000002,1.35,48.737,0.08162821906158046,1
mp-1202182,ZnS,734.9236543073599,3.964315085688287,Trigonal,36,"S, Zn",S-Zn,1.992999999999999,-0.9499937712078381,4.0,2.3669024877593445,0.9300000000000002,1.35,48.737,0.08134097473558666,1
mp-1202959,ZnS,734.9871463532437,3.9639726273520193,Trigonal,36,"S, Zn",S-Zn,1.992499999999999,-0.9499904164856151,4.0,2.3669701968223174,0.9300000000000002,1.35,48.737,0.08133394807542563,1
mp-13456,ZnS,195.5221102272339,4.139158092904608,Trigonal,10,"S, Zn",S-Zn,2.0416,-0.9614129104062491,4.0,2.333080420861993,0.9300000000000002,1.35,48.737,0.08492845462183983,1
mp-18377,ZnS,405.95115441196947,3.9871640520945393,Trigonal,20,"S, Zn",S-Zn,2.0462,-0.909932098263392,4.0,2.3623564464151765,0.9300000000000002,1.35,48.737,0.08180979650151915,1
mp-543011,ZnS,284.34144030145967,3.984701257907226,Trigonal,14,"S, Zn",S-Zn,2.0396,-0.949586729263393,4.0,2.3628421062166622,0.9300000000000002,1.35,48.737,0.08175926417110667,1
mp-554405,ZnS,195.63819592429417,4.136702043613275,Trigonal,10,"S, Zn",S-Zn,2.0715,-0.960316791406251,4.0,2.3335436917085426,0.9300000000000002,1.35,48.737,0.08487806068517298,1
mp-555280,ZnS,234.58666022245666,4.139861614235314,Trigonal,12,"S, Zn",S-Zn,2.0347,-0.9615425430729161,4.0,2.332946723277907,0.9300000000000002,1.35,48.737,0.08494288967797184,1
mp-555410,ZnS,156.44462063376088,4.138445523331442,Trigonal,8,"S, Zn",S-Zn,2.064,-0.9610903139062501,4.0,2.333213237652044,0.9300000000000002,1.35,48.737,0.08491383391122642,1
mp-555763,ZnS,117.32830780091152,4.138627446645342,Trigonal,6,"S, Zn",S-Zn,2.0639,-0.960641818072916,4.0,2.3331864190343867,0.9300000000000002,1.35,48.737,0.08491756666691305,1
mp-555858,ZnS,407.0522505291348,3.976378579589337,Trigonal,20,"S, Zn",S-Zn,2.0194,-0.910987171763393,4.0,2.3644902517935678,0.9300000000000002,1.35,48.737,0.0815884970266807,1
mp-556105,ZnS,405.31321389033525,3.993439627200566,Trigonal,20,"S, Zn",S-Zn,2.010799999999999,-0.9107497342633921,4.0,2.3611178748100503,0.9300000000000002,1.35,48.737,0.08193856058437257,1
mp-556468,ZnS,323.74639718611894,3.999658655900763,Trigonal,16,"S, Zn",S-Zn,2.032899999999999,-0.9506272111383921,4.0,2.359893197219586,0.9300000000000002,1.35,48.737,0.08206616443155637,1
mp-556576,ZnS,323.99433261578207,3.996597932340106,Trigonal,16,"S, Zn",S-Zn,2.0892,-0.949032164888393,4.0,2.3604958921942187,0.9300000000000002,1.35,48.737,0.08200336361163194,1
mp-557151,ZnS,323.74255997424905,3.9997060625119643,Trigonal,16,"S, Zn",S-Zn,2.0574,-0.950627128638393,4.0,2.3598840505276697,0.9300000000000002,1.35,48.737,0.08206713713425044,1
mp-581258,ZnS,486.97346727750545,3.988538904577278,Trigonal,24,"S, Zn",S-Zn,2.03,-0.9503385142633931,4.0,2.3620841895333737,0.9300000000000002,1.35,48.737,0.08183800612629578,1
mp-581412,ZnS,486.8952199130244,3.989179889833755,Trigonal,24,"S, Zn",S-Zn,2.0194,-0.950873770096726,4.0,2.3619578868002358,0.9300000000000002,1.35,48.737,0.08185115804899265,1
mp-581476,ZnS,487.23233702134837,3.986419767635655,Trigonal,24,"S, Zn",S-Zn,2.0314,-0.95088372343006,4.0,2.362502941195075,0.9300000000000002,1.35,48.737,0.08179452505561802,1
mp-581601,ZnS,486.99466245902653,3.988365313750514,Trigonal,24,"S, Zn",S-Zn,2.0189,-0.95088459968006,4.0,2.362118638688677,0.9300000000000002,1.35,48.737,0.08183444433901377,1
mp-581602,ZnS,486.9808619390813,3.988478339783698,Trigonal,24,"S, Zn",S-Zn,2.0309,-0.9503470092633931,4.0,2.3620961895337893,0.9300000000000002,1.35,48.737,0.08183676344017271,1
mp-608468,ZnS,491.1288868256888,3.954792055272825,Trigonal,24,"S, Zn",S-Zn,1.9701,-0.9105117417633931,4.0,2.3687975659239138,0.9300000000000002,1.35,48.737,0.08114557841625099,1
mp-10281,ZnS,156.45921392848314,4.138059521422718,Hexagonal,8,"S, Zn",S-Zn,2.0471,-0.9610861451562511,4.0,2.333283833150122,0.9300000000000002,1.35,48.737,0.0849059138113285,0
mp-560588,ZnS,78.24665654456005,4.13715785761638,Hexagonal,4,"S, Zn",S-Zn,2.0701,-0.9591730539062511,4.0,2.3334587995206033,0.9300000000000002,1.35,48.737,0.08488741321001252,0
mp-560725,ZnS,625.4751534265004,4.140452495126357,Hexagonal,32,"S, Zn",S-Zn,2.0215,-0.9620437767187511,4.0,2.332836802215187,0.9300000000000002,1.35,48.737,0.08495501354466538,0
mp-561118,ZnS,312.6469831439459,4.14165224561266,Hexagonal,16,"S, Zn",S-Zn,2.0338,-0.9616786720312511,4.0,2.3326105667755583,0.9300000000000002,1.35,48.737,0.08497963037553931,0
mp-561196,ZnS,547.3295125287475,4.140159333304246,Hexagonal,28,"S, Zn",S-Zn,2.0271,-0.9619825028348221,4.0,2.3328909533122855,0.9300000000000002,1.35,48.737,0.08494899836477925,0
mp-561258,ZnS,390.9493542994755,4.140162483905286,Hexagonal,20,"S, Zn",S-Zn,2.0288,-0.96187158090625,4.0,2.3328909708969565,0.9300000000000002,1.35,48.737,0.08494906300973153,0
mp-561286,ZnS,782.1918670666643,4.138610788290733,Hexagonal,40,"S, Zn",S-Zn,2.0218,-0.9621073766562501,4.0,2.333180629681199,0.9300000000000002,1.35,48.737,0.084917224865928,0
mp-9946,ZnS,234.5651340917577,4.140241530894832,Hexagonal,12,"S, Zn",S-Zn,2.0368,-0.961542306406249,4.0,2.332874390746829,0.9300000000000002,1.35,48.737,0.08495068491894929,0
mp-1102743,ZnS2,210.15992820545503,4.094111983860375,Cubic,12,"S, Zn",S-Zn,1.4156,-0.495735896874999,4.666666666666667,2.4564415595219518,0.9300000000000002,1.35,48.737,0.08400418540042216,0
mp-10695,ZnS,39.09033502667045,4.140649724985354,Cubic,2,"S, Zn",S-Zn,2.0192,-0.9620711764062511,4.0,2.332797447448972,0.9300000000000002,1.35,48.737,0.08495906036451473,0
mp-569679,ZnSe,102.42632505078255,4.681030279805861,Tetragonal,4,"Se, Zn",Se-Zn,1.9671,-0.791561253671875,4.0,2.5403437299417986,0.8999999999999999,1.173913043478261,72.1845,0.06484813609300973,1
mp-380,ZnSe,90.88655716305327,5.27537563285386,Hexagonal,4,"Se, Zn",Se-Zn,1.2004000000000001,-0.947540998671876,4.0,2.452914973667101,0.8999999999999999,1.173913043478261,72.1845,0.07308183381271409,0
mp-982778,Zn3Se,143.30687965625737,6.37734580805244,Hexagonal,8,"Se, Zn",Se-Zn,0.0,0.017744683164062,6.0,2.958752289729118,0.8999999999999999,1.173913043478261,72.1845,0.08834785595318163,0
mp-1190,ZnSe,45.44784771695639,5.274845268778988,Cubic,2,"Se, Zn",Se-Zn,1.1663000000000001,-0.9515610311718761,4.0,2.45296686,0.8999999999999999,1.173913043478261,72.1845,0.07307448647256666,0
mp-1187912,Zn3Se,71.30749581527505,6.408285116395397,Cubic,4,"Se, Zn",Se-Zn,0.0,0.012874514414062002,6.0,2.932221207836221,0.8999999999999999,1.173913043478261,72.1845,0.08877647024493342,0
mp-1102515,ZnSe2,258.97780493022333,5.727850373967437,Cubic,12,"Se, Zn",Se-Zn,0.7291999999999991,-0.644161672395833,4.666666666666667,2.6396656581288185,0.8999999999999999,1.173913043478261,72.1845,0.07935014267560815,0
mp-571195,ZnTe,177.2564315575293,5.424327600796479,Trigonal,6,"Te, Zn",Te-Zn,1.069,-0.680473905,4.0,2.6689566287819333,0.4500000000000002,1.037037037037037,96.50450000000001,0.05620802761318362,1
mp-1071319,ZnTe,160.4017315406937,5.994305328756802,Trigonal,6,"Te, Zn",Te-Zn,0.2949,-0.532554113333332,4.0,2.6957285553995773,0.4500000000000002,1.037037037037037,96.50450000000001,0.062114257146110304,1
mp-9281,ZnTe,160.13065728194002,6.004452679060092,Hexagonal,6,"Te, Zn",Te-Zn,0.32059999999999905,-0.5340362616666661,4.0,2.717207548602609,0.4500000000000002,1.037037037037037,96.50450000000001,0.06221940613194298,0
mp-8884,ZnTe,114.2558863173566,5.610196464017319,Hexagonal,4,"Te, Zn",Te-Zn,1.100299999999999,-0.6789112758333321,4.0,2.6474040755981556,0.4500000000000002,1.037037037037037,96.50450000000001,0.058134040008676474,0
mp-2176,ZnTe,171.17748428055455,5.616959252306423,Cubic,6,"Te, Zn",Te-Zn,1.073299999999999,-0.6841630333333321,4.0,2.6458669251231735,0.4500000000000002,1.037037037037037,96.50450000000001,0.058204117448475694,0
mp-948,ZnTe,48.03779385806172,6.671808985491392,Cubic,2,"Te, Zn",Te-Zn,0.0,-0.39561094833333205,6.0,2.8852559999999996,0.4500000000000002,1.037037037037037,96.50450000000001,0.06913469305049393,0
mp-541441,ZnTe,101.12231632675017,6.338837881636161,Orthorhombic,4,"Te, Zn",Te-Zn,0.0,-0.41853658583333203,5.0,2.7872019704361515,0.4500000000000002,1.037037037037037,96.50450000000001,0.06568437618594118,1
mp-1206914,ZnTe2,78.90643212829721,6.747026259379396,Trigonal,3,"Te, Zn",Te-Zn,0.0,-0.33233362777777603,4.0,2.8322644610310697,0.4500000000000002,1.037037037037037,96.50450000000001,0.06991411032003063,1
mp-1021511,CdS,92.89071457991083,2.5826913192676173,Trigonal,2,"Cd, S",Cd-S,1.5192,-0.5238088539062491,3.0,2.4629490112719634,0.8900000000000001,1.55,72.238,0.035752530790825014,1
mp-672,CdS,102.03892478274858,4.702284793707707,Hexagonal,4,"Cd, S",Cd-S,1.125,-0.7761274614062491,4.0,2.5493972024552347,0.8900000000000001,1.55,72.238,0.06509433807286619,0
mp-2771569,CdS,91.27012188262536,2.62854959802318,Hexagonal,2,"Cd, S",Cd-S,1.4908000000000001,-0.5244601939062481,3.0,2.4606661007183352,0.8900000000000001,1.55,72.238,0.03638735288938204,0
mp-1095440,CdS2,256.4655668126394,4.572204074019703,Cubic,12,"Cd, S",Cd-S,1.1625,-0.466330955208332,4.666666666666667,2.6221251048308387,0.8900000000000001,1.55,72.238,0.06329361380464164,0
mp-2469,CdS,50.977693339587724,4.70613765491418,Cubic,2,"Cd, S",Cd-S,1.0492,-0.773414238906248,4.0,2.548672261425238,0.8900000000000001,1.55,72.238,0.06514767373008915,0
mp-370,CdS,41.7411202066207,5.74752285033426,Cubic,2,"Cd, S",Cd-S,0.27930000000000005,-0.6427207489062491,6.0,2.753243999999999,0.8900000000000001,1.55,72.238,0.07956370401082892,0
mp-1181862,CdS,83.75543759042172,5.728775327025155,Orthorhombic,4,"Cd, S",Cd-S,0.2766,-0.6419490964062481,6.0,2.7530547644946637,0.8900000000000001,1.55,72.238,0.07930417961495549,1
mp-1120762,Cd2S,78.99910856081468,5.399692565812861,Trigonal,3,"Cd, S",Cd-S,0.623899999999999,-0.29499618260417004,2.6666666666666665,2.5796533936307537,0.8900000000000001,1.55,72.238,0.07474864428434981,1
mp-1070,CdSe,115.97478237665474,5.480139995990648,Hexagonal,4,"Cd, Se",Cd-Se,0.5724,-0.837606193671875,4.0,2.660517292412163,0.8599999999999999,1.347826086956522,95.68549999999999,0.05727241845410901,0
mp-1095493,CdSe2,307.12565988219865,5.846404192801385,Cubic,12,"Cd, Se",Cd-Se,0.6141999999999991,-0.635285370729166,4.666666666666667,2.789101295359505,0.8599999999999999,1.347826086956522,95.68549999999999,0.0611002105104889,0
mp-2691,CdSe,57.88422347057726,5.4899073125829645,Cubic,2,"Cd, Se",Cd-Se,0.5096,-0.8370525111718741,4.0,2.658932517500024,0.8599999999999999,1.347826086956522,95.68549999999999,0.0573744957447363,0
mp-1055,CdSe,47.475685789666265,6.693510929408785,Cubic,2,"Cd, Se",Cd-Se,0.0,-0.691781186171874,6.0,2.8739580000000005,0.8599999999999999,1.347826086956522,95.68549999999999,0.06995324191657865,0
mp-1183665,Cd3Se,101.42266273712016,6.814105615987865,Tetragonal,4,"Cd, Se",Cd-Se,0.0,-0.14159297808593602,4.0,2.8863434127660548,0.8599999999999999,1.347826086956522,95.68549999999999,0.07121356544082297,1
mp-1232349,Cd3Se4,840.1290356123558,5.16326984961886,Monoclinic,28,"Cd, Se",Cd-Se,0.45220000000000005,-0.570004953124999,3.642857142857143,2.761728767162712,0.8599999999999999,1.347826086956522,95.68549999999999,0.05396083889010206,1
mp-2901401,Cd3Se4,960.7363335139389,4.515091985228548,Monoclinic,28,"Cd, Se",Cd-Se,0.8668,-0.35696042267857003,3.5714285714285716,2.677756240838064,0.8599999999999999,1.347826086956522,95.68549999999999,0.04718679408299636,1
mp-1226722,CdTe,56.97664694409546,6.99492973506814,Tetragonal,2,"Cd, Te",Cd-Te,0.0,-0.19667151000000102,6.0,2.0682460591974756,0.41000000000000014,1.1071428571428572,120.0055,0.05828840957346238,1
mp-12581,CdTe,61.015110610085316,6.531949838797076,Tetragonal,2,"Cd, Te",Cd-Te,0.0,-0.07460553500000301,6.0,1.0621593333333335,0.41000000000000014,1.1071428571428572,120.0055,0.05443042059569833,1
mp-1492,CdTe,194.48233981805546,6.147822608776511,Trigonal,6,"Cd, Te",Cd-Te,0.021500000000000002,-0.448117790000002,4.0,2.8936876602869894,0.41000000000000014,1.1071428571428572,120.0055,0.05122950705406428,1
mp-2872104,CdTe,194.43007948587112,6.149475065292471,Hexagonal,6,"Cd, Te",Cd-Te,0.025500000000000002,-0.45299509000000104,4.0,2.893458259737612,0.41000000000000014,1.1071428571428572,120.0055,0.051243276893912955,0
mp-12779,CdTe,141.33765197053393,5.639652793960689,Hexagonal,4,"Cd, Te",Cd-Te,0.618599999999999,-0.5581268500000001,4.0,2.8418374592200326,0.41000000000000014,1.1071428571428572,120.0055,0.04699495268100786,0
mp-406,CdTe,70.71162283069633,5.636239502916918,Cubic,2,"Cd, Te",Cd-Te,0.5846,-0.5607400050000031,4.0,2.842393303970731,0.41000000000000014,1.1071428571428572,120.0055,0.04696650989260424,0
mp-2388,CdTe,57.674799648756824,6.910256200990951,Cubic,2,"Cd, Te",Cd-Te,0.0,-0.387466915,6.0,3.066564,0.41000000000000014,1.1071428571428572,120.0055,0.05758282912858954,0
mp-685146,CdTe,145.52114935338304,5.4775219091473915,Orthorhombic,4,"Cd, Te",Cd-Te,0.6234000000000001,-0.5521085075000011,4.0,2.8621289371522938,0.41000000000000014,1.1071428571428572,120.0055,0.04564392389638301,1
mp-1008471,CdTe,120.86986968890925,6.594656599523121,Orthorhombic,4,"Cd, Te",Cd-Te,0.0,-0.376770372500001,5.0,2.987310609313237,0.41000000000000014,1.1071428571428572,120.0055,0.054952952985680835,1
mp-1066480,CdTe,115.55035285930698,6.898250538429776,Orthorhombic,4,"Cd, Te",Cd-Te,0.0,-0.378778435,6.0,3.0371342659340557,0.41000000000000014,1.1071428571428572,120.0055,0.0574827865258657,1
mp-1183651,Cd3Te,104.72737130336832,7.370311565531026,Tetragonal,4,"Cd, Te",Cd-Te,0.0,0.029016934999997003,10.0,3.3285756981604826,0.41000000000000014,1.1071428571428572,120.0055,0.061416448125552796,1
